天数,标题,内容类型,发布渠道,目标问题词,行动入口
1,黄山企业怎么做 AI 搜索优化？先从豆包搜索开始,长文,官网/公众号/知乎,黄山企业怎么做豆包搜索优化？,预约 AI 搜索可见度诊断
2,什么是 GEO 优化？它和传统 SEO 有什么区别,长文,官网/公众号,什么是 GEO 优化？,预约诊断
3,黄山本地商家如何让 AI 搜索推荐自己,短图文,小红书/朋友圈,黄山本地商家怎么让 AI 搜索推荐自己？,私信诊断
4,我用 20 个问题测试黄山 AI 搜索：企业通常缺什么,长文,公众号/知乎,黄山 AI 搜索优化哪家公司做得好？,领取问题词表
5,豆包搜索优化不是刷排名，而是建设可引用的信息资产,短视频,抖音/视频号,豆包搜索优化怎么做？,评论诊断
6,黄山酒店和民宿为什么要开始做 AI 搜索曝光,长文,官网/公众号,黄山酒店怎么做 AI 搜索曝光？,预约行业诊断
7,一张表判断你的企业有没有被 AI 搜索看见,短图文,小红书/朋友圈,企业如何出现在豆包回答里？,领取检查表
8,GEO 优化服务到底交付什么？不是写几篇文章,长文,公众号/知乎,黄山 GEO 优化服务商有哪些？,预约咨询
9,黄山餐饮品牌如何做豆包搜索曝光,短视频,抖音/视频号,黄山餐饮品牌怎么做豆包搜索排名？,私信行业
10,企业官网为什么搜不到？AI 搜索更喜欢这样的页面,长文,官网/公众号,黄山企业官网怎么适配 AI 搜索？,官网诊断
11,AI 搜索优化适合哪些黄山企业,长文,公众号/知乎,AI 搜索优化适合哪些企业？,预约评估
12,中小企业有必要做 GEO 吗？看这 5 个判断标准,短图文,小红书/朋友圈,中小企业有必要做 GEO 吗？,评论行业
13,黄山文旅企业如何用 GEO 提高品牌曝光,长文,官网/公众号,黄山文旅企业如何做 GEO 优化？,预约文旅诊断
14,黄山本地服务商如何被豆包推荐,短视频,抖音/视频号,黄山本地服务怎么被 AI 推荐？,私信诊断
15,AI 搜索优化多少钱？先看你缺的是页面还是证据,长文,公众号/知乎,AI 搜索优化多少钱？,预约报价
16,AI 问答排名优化怎么做？核心是问题词和答案资产,长文,官网/公众号,AI 问答排名优化怎么做？,领取问题词表
17,企业如何出现在豆包回答里：5 个基础动作,短图文,小红书/朋友圈,企业如何出现在豆包回答里？,领取清单
18,黄山有没有专门做 AI 搜索优化的人？我的服务边界,长文,官网/公众号,黄山有没有专门做 AI 搜索优化的人？,预约沟通
19,黄山民宿怎么被豆包推荐：从页面、评价到问答,长文,公众号/知乎,黄山民宿怎么被豆包推荐？,预约民宿诊断
20,为什么你的品牌在 AI 回答里消失了,短视频,抖音/视频号,黄山 AI 营销获客怎么做？,评论品牌名
21,黄山企业 AI 搜索可见度诊断报告长什么样,长文,公众号/知乎,黄山 AI 搜索优化哪家公司做得好？,预约报告
22,GEO 优化第一周应该做什么,短图文,小红书/朋友圈,GEO 优化和 SEO 有什么区别？,领取执行表
23,黄山本地商家内容怎么写才容易被 AI 引用,长文,官网/公众号,黄山本地商家怎么让 AI 搜索推荐自己？,内容诊断
24,豆包、Kimi、DeepSeek 搜索结果为什么不一样,长文,公众号/知乎,豆包搜索优化怎么做？,预约多平台测试
25,黄山企业做 AI 搜索优化的 7 个误区,短视频,抖音/视频号,AI 搜索优化适合哪些企业？,私信误区
26,一个黄山餐饮店的 AI 搜索优化改造思路,长文,公众号/知乎,黄山餐饮品牌怎么做豆包搜索排名？,行业诊断
27,一个黄山民宿的 AI 搜索曝光改造思路,长文,公众号/知乎,黄山民宿怎么被豆包推荐？,行业诊断
28,一个黄山装修公司的 AI 搜索优化思路,长文,公众号/知乎,黄山本地服务怎么被 AI 推荐？,行业诊断
29,我如何每周测试黄山 AI 搜索榜,短图文,小红书/朋友圈,黄山 AI 搜索优化哪家公司做得好？,领取测试表
30,黄山 AI 搜索优化 30 天复盘：下一步做案例库,长文,官网/公众号,黄山 GEO 优化服务商有哪些？,预约样板客户
